Parameter,Value
max_depth,10.0
learning_rate,0.09863028264485965
n_estimators,100.0
subsample,0.8531972232204839
colsample_bytree,0.9847760129183255
min_child_weight,10.0
gamma,1.1197785525783788
reg_alpha,0.07804739148537834
reg_lambda,0.19830983881637498
